<?xml version="1.0" encoding="UTF-8"?>
<DashboardFolder xmlns="http://soap.sforce.com/2006/04/metadata">
    <folderShares>
        <accessLevel>EditAllContents</accessLevel>
        <sharedTo>sales_christopherbeurich@echo-ms.com</sharedTo>
        <sharedToType>User</sharedToType>
    </folderShares>
    <folderShares>
        <accessLevel>EditAllContents</accessLevel>
        <sharedTo>sales_markalfer@echo-ms.com</sharedTo>
        <sharedToType>User</sharedToType>
    </folderShares>
    <name>SLT</name>
</DashboardFolder>
